site_id,grid_cell,grid_snap_distance_m,mapped_to_free_grid,endpoint_role
facility_92,34:332,47.43984708407933,True,candidate_station
facility_126,208:299,45.91092801682882,True,candidate_station
facility_133,136:279,79.44388525243262,True,candidate_station
facility_172,131:288,230.23297948128135,True,candidate_station
facility_263,76:406,140.4945784757479,True,candidate_station
facility_323,99:350,121.82326222052424,True,candidate_station
facility_354,14:341,24.45179147814931,True,candidate_station
facility_420,14:367,21.791050745936293,True,candidate_station
facility_429,219:253,38.37739784392333,True,candidate_station
facility_430,219:253,36.52884638073962,True,candidate_station
facility_447,213:312,34.18433496561787,True,candidate_station
facility_1014,74:287,195.03352869139573,True,candidate_station
facility_1084,69:263,29.70937129366783,True,candidate_station
facility_1474,39:328,23.11160164695292,True,candidate_station
facility_1508,62:212,33.8849546481348,True,candidate_station
facility_1555,86:290,82.10590346376559,True,candidate_station
facility_1563,92:263,49.856484767201614,True,candidate_station
facility_1565,80:276,43.58555493561073,True,candidate_station
facility_1587,241:316,51.37414975206185,True,candidate_station
facility_1591,103:228,8.67443860509543,True,candidate_station
facility_1614,65:316,100.13175183820154,True,candidate_station
facility_1622,156:292,141.65224198721208,True,candidate_station
facility_1706,35:291,20.648090369090333,True,candidate_station
facility_1746,102:224,28.62891574066049,True,candidate_station
facility_1826,117:302,70.06900025835381,True,candidate_station
facility_1828,117:302,23.80810611410893,True,candidate_station
facility_1846,95:400,64.38454762496842,True,candidate_station
facility_1881,182:317,46.46034574822469,True,candidate_station
facility_1947,73:334,59.15453880905914,True,candidate_station
facility_1990,79:163,39.12322442963516,True,candidate_station
facility_1992,39:296,74.95927505390424,True,candidate_station
facility_2006,50:246,58.95613036007937,True,candidate_station
facility_2076,33:293,33.63281375909687,True,candidate_station
facility_2091,71:334,52.00469682538607,True,candidate_station
facility_2244,18:375,55.941023169003074,True,candidate_station
facility_2252,177:321,214.22227762606664,True,candidate_station
facility_2253,80:276,62.78729293358112,True,candidate_station
facility_2254,80:276,67.20682753358393,True,candidate_station
facility_2267,109:311,27.20452557755246,True,candidate_station
facility_2313,64:258,54.074873333655226,True,candidate_station
facility_2365,55:205,24.981890041598703,True,candidate_station
facility_2367,164:270,35.87821328697464,True,candidate_station
facility_2368,131:289,100.12943659997124,True,candidate_station
facility_2369,149:291,59.58764734043513,True,candidate_station
facility_2370,104:215,40.63738658180974,True,candidate_station
facility_2371,92:264,46.50291633868397,True,candidate_station
facility_2372,62:346,66.12399520391112,True,candidate_station
facility_2375,84:244,70.02940699988093,True,candidate_station
facility_2376,65:287,58.77304381341314,True,candidate_station
facility_2377,66:289,78.61576591735118,True,candidate_station
facility_2378,59:249,111.5045452247094,True,candidate_station
facility_2379,18:375,42.69310751591328,True,candidate_station
facility_2380,150:297,33.81887808467427,True,candidate_station
facility_2381,133:264,55.48214498810816,True,candidate_station
facility_2382,38:359,43.722926989844154,True,candidate_station
facility_2383,259:314,15.790959729138264,True,candidate_station
facility_2384,45:255,15.242963818132132,True,candidate_station
facility_2385,70:263,51.81347430718495,True,candidate_station
facility_2386,49:265,39.14877076152904,True,candidate_station
facility_2392,70:246,34.54741475305541,True,candidate_station
facility_2400,174:289,42.977797003734814,True,candidate_station
facility_2402,123:267,198.67518608350485,True,candidate_station
facility_2404,63:325,22.53552590227607,True,candidate_station
facility_2406,95:325,24.085900536198654,True,candidate_station
facility_2409,90:371,50.28618162116136,True,candidate_station
facility_2412,108:289,92.31270200456,True,candidate_station
facility_2415,9:346,43.84637583876931,True,candidate_station
facility_2416,186:275,39.0280154852231,True,candidate_station
facility_2417,153:279,86.31394221213363,True,candidate_station
facility_2420,32:281,92.07632097671012,True,candidate_station
facility_2422,75:290,47.70021700693927,True,candidate_station
facility_2423,135:279,75.44354100722076,True,candidate_station
facility_2424,134:279,264.7786867019404,True,candidate_station
facility_2425,133:278,64.56536441980272,True,candidate_station
facility_2426,60:290,40.659010118609025,True,candidate_station
facility_2427,179:265,182.5036421246664,True,candidate_station
facility_2429,181:280,33.87215392568747,True,candidate_station
facility_2430,206:276,48.06080118756047,True,candidate_station
facility_2431,216:278,34.418919645518486,True,candidate_station
facility_2432,119:268,31.25371598175783,True,candidate_station
facility_2433,121:253,66.04578202742029,True,candidate_station
facility_2438,67:337,18.929240857340723,True,candidate_station
facility_2439,168:296,83.56970384982444,True,candidate_station
facility_2440,190:245,122.54932138228227,True,candidate_station
facility_2442,67:304,41.38998620613632,True,candidate_station
facility_2443,63:292,21.45458794965454,True,candidate_station
facility_2446,127:292,127.50631222560199,True,candidate_station
facility_2450,259:302,48.6307732698903,True,candidate_station
facility_2451,227:332,47.47933920506697,True,candidate_station
facility_2452,262:298,48.08754669728058,True,candidate_station
facility_2453,131:289,208.85050510166724,True,candidate_station
facility_2454,43:309,22.276091391265947,True,candidate_station
facility_2455,13:368,50.33706630823836,True,candidate_station
facility_2456,16:339,61.11352923592657,True,candidate_station
facility_2459,95:401,43.6053150310561,True,candidate_station
facility_2461,96:331,4.826751195984404,True,candidate_station
facility_2466,127:292,232.20038662142963,True,candidate_station
facility_2468,139:281,42.19917833049538,True,candidate_station
facility_2469,,inf,False,candidate_station
facility_2470,115:295,111.45016888899538,True,candidate_station
facility_2472,98:295,89.31376925267101,True,candidate_station
facility_2473,137:288,190.77529880259328,True,candidate_station
facility_2474,135:265,50.970632540096304,True,candidate_station
facility_2477,114:295,204.36754803461884,True,candidate_station
facility_2478,147:258,83.3683420012259,True,candidate_station
facility_2479,145:291,59.41752279482514,True,candidate_station
facility_2480,152:287,98.42463308696702,True,candidate_station
facility_2481,152:287,138.13981470076533,True,candidate_station
facility_2482,143:284,25.44227604289989,True,candidate_station
facility_2483,173:316,169.59427097132226,True,candidate_station
facility_2486,191:301,40.53858704930085,True,candidate_station
facility_2487,177:306,16.641708916731897,True,candidate_station
facility_2490,195:312,33.27891183333124,True,candidate_station
facility_2495,209:300,40.249556977902614,True,candidate_station
facility_2497,205:200,27.27153454517924,True,candidate_station
facility_2502,18:369,62.99888418473014,True,candidate_station
facility_2504,263:306,86.29808247677308,True,candidate_station
facility_2505,90:256,28.48057015853965,True,candidate_station
facility_2506,32:345,98.51459943279362,True,candidate_station
facility_2507,31:361,23.05761123352667,True,candidate_station
facility_2513,215:293,66.94836788411608,True,candidate_station
facility_2515,64:277,69.50023648155208,True,candidate_station
facility_2517,192:361,50.632216332713874,True,candidate_station
facility_2521,166:309,18.308382830530487,True,candidate_station
facility_2523,74:290,16.681424148076392,True,candidate_station
facility_2524,130:279,83.01911866847254,True,candidate_station
facility_2528,188:291,3.868784343424672,True,candidate_station
facility_2538,143:303,94.80620635022697,True,candidate_station
facility_2563,85:281,42.391103463934535,True,candidate_station
facility_2568,55:205,34.97508171600535,True,candidate_station
facility_2570,80:276,21.734567806303545,True,candidate_station
facility_2577,40:261,39.22938015638022,True,candidate_station
facility_2578,94:215,5.971596989930564,True,candidate_station
facility_2579,117:302,68.24363184277956,True,candidate_station
facility_2588,43:331,47.76873998916688,True,candidate_station
facility_2594,70:205,46.11501468679291,True,candidate_station
facility_2595,70:204,25.633166611153506,True,candidate_station
facility_2599,156:292,76.9420539540039,True,candidate_station
facility_2606,270:323,124.75607289603799,True,candidate_station
facility_2608,189:157,37.21478700320484,True,candidate_station
facility_2612,208:319,44.82046895469258,True,candidate_station
facility_2614,177:305,38.29735653447299,True,candidate_station
facility_2615,79:163,35.87111023370814,True,candidate_station
facility_2618,60:300,50.81669179669027,True,candidate_station
facility_2621,202:363,18.2525779437686,True,candidate_station
facility_2623,143:296,130.25926558652458,True,candidate_station
facility_2624,90:204,13.79371009060967,True,candidate_station
facility_2629,174:274,143.23497915737389,True,candidate_station
facility_2631,216:211,14.597568926408321,True,candidate_station
facility_2635,59:249,106.29126890432215,True,candidate_station
facility_2636,119:269,83.69776965110134,True,candidate_station
facility_2641,89:257,33.54624294576938,True,candidate_station
facility_2642,89:257,40.498470182136096,True,candidate_station
facility_2643,90:257,51.67235310449373,True,candidate_station
facility_2644,88:258,41.87572366318384,True,candidate_station
facility_2646,129:282,164.0302900261975,True,candidate_station
facility_2657,108:289,55.449537890936334,True,candidate_station
facility_2658,91:50,54.820682933430824,True,candidate_station
facility_2670,81:275,40.01046387159256,True,candidate_station
facility_2673,271:320,5.582433333139476,True,candidate_station
facility_2678,132:262,43.6760842359877,True,candidate_station
facility_2681,80:276,44.66692574567756,True,candidate_station
facility_2682,80:276,44.66692574567756,True,candidate_station
facility_2683,80:276,44.66692574567756,True,candidate_station
facility_1,144:263,49.55312658566069,True,demand
facility_4,109:414,25.938718177334398,True,demand
facility_8,35:367,28.235976439458575,True,demand
facility_12,83:277,29.515363369865618,True,demand
facility_13,264:313,29.63545982119073,True,demand
facility_14,77:193,68.90498081635056,True,demand
facility_15,78:332,62.79566819978477,True,demand
facility_16,185:359,44.31182824656655,True,demand
facility_20,161:309,81.45561022830681,True,demand
facility_21,92:386,45.08253743048193,True,demand
facility_25,104:240,49.88735223154044,True,demand
facility_26,54:324,16.859150663244932,True,demand
facility_27,89:373,33.50161534907525,True,demand
facility_28,86:411,26.99620726300131,True,demand
facility_31,104:406,30.128282955985732,True,demand
facility_32,95:413,54.19197486995168,True,demand
facility_33,68:199,49.41298317106601,True,demand
facility_35,98:225,21.67767294349394,True,demand
facility_39,136:279,17.14920875014677,True,demand
facility_42,40:328,35.27200084507343,True,demand
facility_43,34:332,11.726114846081554,True,demand
facility_46,74:292,52.565048943841326,True,demand
facility_48,84:326,131.12570945674167,True,demand
facility_49,46:359,11.252889740782548,True,demand
facility_51,94:290,140.54365297108825,True,demand
facility_52,65:316,122.73017243854066,True,demand
facility_53,189:256,52.21743748535325,True,demand
facility_54,68:303,60.01153647722585,True,demand
facility_57,94:333,58.98954891969991,True,demand
facility_59,80:260,51.55471294529181,True,demand
facility_60,34:297,29.07541616520262,True,demand
facility_63,101:259,36.60616028972319,True,demand
facility_66,252:306,119.42359460289869,True,demand
facility_68,110:312,63.61466349142749,True,demand
facility_69,54:325,38.576153650227454,True,demand
facility_72,193:239,131.17237760430885,True,demand
facility_73,59:310,108.12890794020174,True,demand
facility_75,138:286,115.06798344737426,True,demand
facility_76,197:241,48.5745651668868,True,demand
facility_78,67:183,59.298870038260894,True,demand
facility_84,65:316,128.68761282388508,True,demand
facility_86,53:325,33.08427222832137,True,demand
facility_87,190:245,95.79373372519649,True,demand
facility_96,25:300,86.64331777716896,True,demand
facility_98,143:283,38.71906342579999,True,demand
facility_99,46:235,73.62628347525647,True,demand
facility_100,48:245,42.46914299009517,True,demand
facility_101,113:312,305.1101734350115,True,demand
facility_102,113:312,135.49514444243405,True,demand
facility_103,65:245,61.42231326191934,True,demand
facility_104,112:210,138.9680650344008,True,demand
facility_105,23:341,56.59083509040928,True,demand
facility_106,119:273,20.23854246057618,True,demand
facility_112,55:298,177.78362163183706,True,demand
facility_113,108:236,43.67667380899867,True,demand
facility_114,86:288,28.936324614753147,True,demand
facility_115,57:239,8.65278942773822,True,demand
facility_117,53:325,26.036377999203545,True,demand
facility_118,110:383,55.57924075505545,True,demand
facility_126,208:299,45.91092801682882,True,demand
facility_128,86:290,47.050707962428774,True,demand
facility_134,134:269,41.73566293679867,True,demand
facility_136,66:254,3.7613451360086114,True,demand
facility_137,67:325,28.013576446415097,True,demand
facility_138,91:292,80.30471757829567,True,demand
facility_140,62:318,72.24346509157213,True,demand
facility_142,191:269,28.459753308280877,True,demand
facility_143,191:269,36.52593781751047,True,demand
facility_146,116:295,111.80498716969444,True,demand
facility_147,84:278,3.480058325493261,True,demand
facility_148,142:258,8.795608292042505,True,demand
facility_149,62:249,96.70461611300895,True,demand
facility_152,75:290,54.623520036234574,True,demand
facility_156,35:307,31.424247316926035,True,demand
facility_158,209:291,19.147938839851175,True,demand
facility_159,80:180,38.38758531643936,True,demand
facility_162,165:260,45.95468792086096,True,demand
facility_165,141:290,18.04899648770299,True,demand
facility_167,184:322,32.62882215434992,True,demand
facility_168,71:348,27.59780137306782,True,demand
facility_169,139:282,125.87607759636772,True,demand
facility_171,133:287,107.5504938522648,True,demand
facility_173,143:273,125.68112755773696,True,demand
facility_175,103:337,67.3706590645121,True,demand
facility_179,119:272,154.51777957613575,True,demand
facility_184,95:346,115.772804889368,True,demand
facility_186,67:291,40.98745996476648,True,demand
facility_187,87:346,102.65741485368555,True,demand
facility_189,91:286,45.701984811098114,True,demand
facility_192,94:399,32.20396793448081,True,demand
facility_193,38:355,153.73661766152944,True,demand
facility_194,96:290,118.07375520563242,True,demand
facility_196,61:312,42.96311412958571,True,demand
facility_197,119:272,148.47779586232187,True,demand
facility_199,20:292,44.064107453683846,True,demand
facility_201,204:197,16.51140299312826,True,demand
facility_202,86:328,107.26886780332454,True,demand
facility_204,51:255,127.60022608269138,True,demand
facility_205,82:250,35.458888913392904,True,demand
facility_207,117:255,40.0325273015783,True,demand
facility_208,214:364,12.486705550764192,True,demand
facility_211,216:369,73.24935161399128,True,demand
facility_212,17:331,48.08489944075876,True,demand
facility_213,97:338,46.68537226316453,True,demand
facility_214,110:245,43.797523955493425,True,demand
facility_215,63:262,47.9311242905086,True,demand
facility_216,,inf,False,demand
facility_218,93:193,78.03785679580683,True,demand
facility_222,80:276,43.62482241718417,True,demand
facility_223,126:106,86.4004421344359,True,demand
facility_224,117:302,108.61397540734478,True,demand
facility_226,114:266,100.96685895181447,True,demand
facility_228,76:173,30.655907348350848,True,demand
facility_230,96:290,50.952505303490824,True,demand
facility_234,50:240,49.77346144450819,True,demand
facility_235,103:292,160.62730695654875,True,demand
facility_236,196:360,42.7622097177998,True,demand
facility_237,98:366,38.315634716520165,True,demand
facility_239,104:386,13.328486491267348,True,demand
facility_240,225:291,52.73239971165673,True,demand
facility_242,96:290,84.65696620465381,True,demand
facility_244,53:336,57.55888844448859,True,demand
facility_245,146:269,13.787347825640285,True,demand
facility_247,51:255,128.9518872623336,True,demand
facility_248,51:255,130.46908277962453,True,demand
facility_249,66:272,30.225735980233566,True,demand
facility_251,180:325,95.4040676733807,True,demand
facility_253,57:340,52.3360936894644,True,demand
facility_255,76:159,37.71357499741549,True,demand
facility_256,101:422,45.240720021132866,True,demand
facility_257,93:402,27.73176353609611,True,demand
facility_260,209:360,49.33687210624739,True,demand
facility_262,58:339,64.3182950186388,True,demand
facility_264,62:336,29.0021073520981,True,demand
facility_265,104:411,65.41287200476421,True,demand
facility_266,193:269,19.653649547403525,True,demand
facility_269,31:378,71.14134691145999,True,demand
facility_270,177:321,22.907302145379063,True,demand
facility_271,96:290,91.64683235465253,True,demand
facility_275,103:221,31.69192334489246,True,demand
facility_277,241:292,27.995178613240306,True,demand
facility_280,192:321,32.948954930872866,True,demand
facility_282,209:370,54.49514481602544,True,demand
facility_287,81:289,176.38937834890763,True,demand
facility_288,134:268,33.02749496012358,True,demand
facility_289,68:249,45.44857615858537,True,demand
facility_291,103:412,25.285897153923653,True,demand
facility_292,105:258,46.481709193030746,True,demand
facility_294,35:296,35.554420756416235,True,demand
facility_295,117:302,67.92976840678529,True,demand
facility_297,69:317,108.75597276708304,True,demand
facility_299,68:248,44.212059399603255,True,demand
facility_300,103:400,38.98991467594341,True,demand
facility_301,226:302,16.07722038609562,True,demand
facility_303,170:269,187.333873267246,True,demand
facility_306,54:321,34.24902114613895,True,demand
facility_309,134:270,67.77016777080865,True,demand
facility_312,135:272,93.00166814022509,True,demand
facility_313,136:269,45.03933070793365,True,demand
facility_314,75:290,97.43570848969912,True,demand
facility_316,42:312,20.49125634867518,True,demand
facility_317,76:218,75.03825490239657,True,demand
facility_318,132:256,37.64322407101046,True,demand
facility_319,99:213,44.383815919036465,True,demand
facility_322,71:320,99.86031275405792,True,demand
facility_323,99:350,121.82326222052424,True,demand
facility_326,94:400,41.67170912788711,True,demand
facility_327,82:265,42.40139209575686,True,demand
facility_328,202:363,24.201036732122393,True,demand
facility_330,25:304,63.22992056343767,True,demand
facility_331,31:326,19.75928067846214,True,demand
facility_337,84:326,174.85598674111856,True,demand
facility_339,88:324,114.39814523981954,True,demand
facility_340,116:288,97.30593270154863,True,demand
facility_345,59:250,47.52295495152366,True,demand
facility_346,70:318,43.85698075808405,True,demand
facility_347,70:317,48.106888000820796,True,demand
facility_348,93:402,45.93913364548428,True,demand
facility_349,224:299,96.55170220558534,True,demand
facility_352,64:241,37.742383267236015,True,demand
facility_353,9:353,29.022812283026084,True,demand
facility_354,14:341,24.45179147814931,True,demand
facility_355,117:255,75.65640127787657,True,demand
facility_357,34:323,42.922452165026314,True,demand
facility_358,100:214,21.86477714609279,True,demand
facility_361,68:332,72.56786678096482,True,demand
facility_362,80:279,54.52670024120468,True,demand
facility_363,76:254,134.62522811230187,True,demand
facility_364,35:332,10.892316757930155,True,demand
facility_365,71:320,84.40344660832795,True,demand
facility_366,70:320,57.237532259436186,True,demand
facility_367,21:319,30.929700179714846,True,demand
facility_368,95:325,28.947799175388052,True,demand
facility_371,74:290,20.428219106686058,True,demand
facility_372,170:383,44.73405503177378,True,demand
facility_373,43:233,162.59984844774607,True,demand
facility_374,110:292,24.455195135097178,True,demand
facility_377,89:404,35.650814511952795,True,demand
facility_378,75:290,87.1387035327532,True,demand
facility_381,39:296,71.85691396532825,True,demand
facility_382,73:334,35.84315385397347,True,demand
facility_383,67:337,93.98915522518242,True,demand
facility_385,108:408,4.823240956706444,True,demand
facility_387,264:322,15.181306960050566,True,demand
facility_393,84:290,76.97478868799632,True,demand
facility_394,71:173,18.887218158618037,True,demand
facility_395,134:279,36.58839181256056,True,demand
facility_397,196:246,48.50235485619376,True,demand
facility_402,53:336,60.76710450024836,True,demand
facility_405,70:319,74.70441919175744,True,demand
facility_407,106:279,57.75178590013033,True,demand
facility_408,31:361,87.38065166348989,True,demand
facility_409,66:293,47.88795007423649,True,demand
facility_410,69:226,42.06808238477936,True,demand
facility_411,69:226,42.53497152782337,True,demand
facility_412,31:326,12.823498235645104,True,demand
facility_413,90:213,27.74856304179754,True,demand
facility_415,117:302,70.31988654415515,True,demand
facility_416,23:288,28.950942589331497,True,demand
facility_417,87:409,54.364530729078595,True,demand
facility_418,93:423,135.76048282256616,True,demand
facility_419,33:293,72.53647721837213,True,demand
facility_420,14:367,21.791050745936293,True,demand
facility_421,33:298,10.873385401828205,True,demand
facility_422,30:335,38.97524330670843,True,demand
facility_423,189:351,122.40585640545693,True,demand
facility_426,224:313,45.16454061962035,True,demand
facility_427,48:336,73.87342494540292,True,demand
facility_428,219:253,40.84340104406831,True,demand
facility_429,219:253,38.37739784392333,True,demand
facility_430,219:253,36.52884638073962,True,demand
facility_432,32:376,59.39875113467266,True,demand
facility_433,34:322,35.946563853925944,True,demand
facility_435,96:290,102.18706974312929,True,demand
facility_436,105:268,30.491993264689295,True,demand
facility_438,36:309,244.52231434713403,True,demand
facility_441,44:309,26.196123033106378,True,demand
facility_442,37:316,119.16331155133648,True,demand
facility_443,29:317,41.39599374534766,True,demand
facility_444,61:319,30.844542608369093,True,demand
facility_446,71:320,96.23953786480003,True,demand
facility_447,213:312,34.18433496561787,True,demand
facility_451,53:334,48.788052287548666,True,demand
facility_452,196:227,39.95137496417157,True,demand
facility_458,151:259,32.70575498084874,True,demand
facility_459,103:222,20.769093959145778,True,demand
facility_461,22:264,24.495597376594517,True,demand
facility_463,96:290,101.08986096083972,True,demand
facility_464,65:348,144.88717847031816,True,demand
facility_465,269:315,42.25617332789055,True,demand
facility_466,108:261,40.71468658243253,True,demand
facility_467,80:277,66.08342627593787,True,demand
facility_470,53:334,69.14669668711507,True,demand
facility_479,70:321,110.03924499079838,True,demand
facility_480,115:288,45.3873778924231,True,demand
facility_481,200:346,53.54465051950017,True,demand
facility_482,220:237,26.76529128806896,True,demand
facility_483,24:394,21.546108371775357,True,demand
facility_484,211:321,11.174933610515954,True,demand
facility_486,13:312,67.30630328851137,True,demand
facility_491,88:393,37.851294499195035,True,demand
facility_492,71:213,32.33819559445228,True,demand
facility_493,210:254,49.831673366962995,True,demand
facility_501,247:324,41.532255571291486,True,demand
facility_502,87:381,48.895426110721345,True,demand
facility_503,92:421,159.32749218518373,True,demand
facility_504,70:272,47.83437228785166,True,demand
facility_505,212:341,26.994176637230524,True,demand
facility_509,88:179,44.94783359549967,True,demand
facility_510,190:269,23.964368787138753,True,demand
facility_512,91:190,39.81521781595833,True,demand
facility_514,263:324,99.8446292330132,True,demand
facility_515,101:403,42.72337672275959,True,demand
facility_516,59:364,6.91033686301003,True,demand
facility_518,244:304,102.32887766220657,True,demand
facility_519,99:260,41.45911648171675,True,demand
facility_520,79:192,39.55013264199259,True,demand
facility_522,227:264,110.88690606039962,True,demand
facility_523,34:331,49.283700039590684,True,demand
facility_524,41:265,52.77453802673581,True,demand
facility_527,115:288,25.89552504783594,True,demand
facility_529,193:365,82.02680257858643,True,demand
facility_531,38:229,46.10086748053436,True,demand
facility_532,53:333,31.871576539269686,True,demand
facility_533,182:313,49.16197508672906,True,demand
facility_535,210:297,52.387028182959725,True,demand
facility_536,232:330,52.02269177211772,True,demand
facility_537,255:317,46.45900990805923,True,demand
facility_538,100:42,86.72867549459157,True,demand
facility_540,222:273,33.893853893654374,True,demand
facility_541,24:337,44.89334745624924,True,demand
facility_542,34:288,47.53301257128405,True,demand
facility_543,47:304,64.06782546100851,True,demand
facility_544,82:214,54.20006649412419,True,demand
facility_545,103:221,40.9802539259525,True,demand
facility_546,53:252,14.432465953620024,True,demand
facility_547,122:258,98.54725709882996,True,demand
facility_549,140:264,139.042250702671,True,demand
facility_551,80:275,18.472558039248185,True,demand
facility_556,64:195,43.38079674185313,True,demand
facility_559,27:403,32.93020480602742,True,demand
facility_560,78:326,33.68698369121337,True,demand
facility_562,97:340,37.514579220333374,True,demand
facility_564,212:328,115.41344778606455,True,demand
facility_565,142:258,32.574997294269494,True,demand
facility_568,65:348,105.93166304859707,True,demand
facility_569,32:325,51.8380757264584,True,demand
facility_570,32:325,51.015014196400735,True,demand
facility_571,94:405,12.275019648226088,True,demand
facility_574,75:281,62.76679913386487,True,demand
facility_575,76:296,16.6860980747324,True,demand
facility_577,95:324,294.84048606332044,True,demand
facility_578,127:252,31.46080487973579,True,demand
facility_582,117:302,94.51856765541945,True,demand
facility_583,34:289,37.476148056705824,True,demand
facility_584,82:289,139.642736227577,True,demand
facility_586,94:290,178.70144225081958,True,demand
facility_588,184:335,56.180060861395106,True,demand
facility_589,91:292,126.0506964518277,True,demand
facility_590,67:298,48.49640830905921,True,demand
facility_591,102:338,39.24138787286218,True,demand
facility_592,116:291,36.339963965965076,True,demand
facility_593,69:320,104.11603342713083,True,demand
facility_594,70:318,79.83126036093957,True,demand
facility_595,95:324,80.39896025541594,True,demand
facility_596,,inf,False,demand
facility_597,70:318,6.801005899227073,True,demand
facility_598,134:271,77.68858039173988,True,demand
facility_599,234:329,28.094255542562248,True,demand
facility_600,216:256,28.46016897113181,True,demand
facility_606,,inf,False,demand
facility_607,105:316,120.81776184298775,True,demand
facility_608,112:314,45.084807223385695,True,demand
facility_609,93:419,150.74445329656433,True,demand
facility_610,83:411,28.509781597833527,True,demand
facility_611,104:216,24.67302458230062,True,demand
facility_612,104:215,14.439533178200625,True,demand
facility_615,62:257,53.25750019657335,True,demand
facility_619,97:342,46.012528779908536,True,demand
facility_620,209:322,22.937443798064994,True,demand
facility_621,76:292,125.03186262935269,True,demand
facility_623,238:329,17.26786071191067,True,demand
facility_624,176:257,100.71042418032424,True,demand
facility_626,122:285,156.6749241045514,True,demand
facility_628,40:312,273.2665298375502,True,demand
facility_630,49:260,139.26018929774037,True,demand
facility_632,63:242,13.246384307811628,True,demand
facility_634,84:290,51.55560609799918,True,demand
facility_635,251:313,132.09835850513088,True,demand
facility_636,274:299,41.245200792117714,True,demand
facility_639,59:289,43.28187298039165,True,demand
facility_641,59:246,46.049965828647565,True,demand
facility_643,46:315,246.18996098079072,True,demand
facility_644,109:261,69.76028348339577,True,demand
facility_646,52:325,60.36947216252094,True,demand
facility_647,68:316,118.0333838567677,True,demand
facility_648,76:292,126.14226721798148,True,demand
facility_649,25:332,102.74898805270064,True,demand
facility_650,92:326,34.9686884924486,True,demand
facility_651,132:257,63.192813783989,True,demand
facility_652,75:324,230.5270557618306,True,demand
facility_654,51:255,206.17611978524408,True,demand
facility_655,44:298,37.79515125651489,True,demand
facility_658,59:250,73.59257458757145,True,demand
facility_659,112:288,30.03940871569552,True,demand
facility_660,112:211,128.88777363242738,True,demand
facility_661,57:240,30.32246631990632,True,demand
facility_662,51:254,113.40155312029438,True,demand
facility_663,106:393,35.177119675751065,True,demand
facility_664,94:323,84.4098862673094,True,demand
facility_668,79:180,46.65899831975754,True,demand
facility_670,108:294,271.4983642570055,True,demand
facility_673,263:321,122.87493247568557,True,demand
facility_674,260:318,126.24496442608869,True,demand
facility_675,263:315,90.52585254299959,True,demand
facility_676,233:330,25.47771188282948,True,demand
facility_677,253:316,30.728625300832746,True,demand
facility_678,182:280,21.987480163873848,True,demand
facility_679,18:337,43.07588778782666,True,demand
facility_684,271:329,17.550300619734454,True,demand
facility_686,88:373,43.13502858455707,True,demand
facility_687,99:424,48.82346292622265,True,demand
facility_689,,inf,False,demand
facility_690,70:320,53.13154605126612,True,demand
facility_691,98:399,70.23072961513454,True,demand
facility_696,215:236,21.817971024476126,True,demand
facility_697,78:181,21.927662064124807,True,demand
facility_698,64:194,20.720789732492076,True,demand
facility_699,212:291,31.48979383180393,True,demand
facility_701,115:295,256.71074136915377,True,demand
facility_705,102:371,112.77217248325215,True,demand
facility_706,96:401,36.40095830345968,True,demand
facility_708,145:295,33.70888391035564,True,demand
facility_709,104:240,19.60877341577902,True,demand
facility_710,139:292,53.671961890483935,True,demand
facility_712,95:325,36.933427551194086,True,demand
facility_713,257:317,40.64391867625965,True,demand
facility_717,103:403,21.515998113042233,True,demand
facility_720,70:319,73.43054239024437,True,demand
facility_721,112:287,30.296570424335574,True,demand
facility_722,175:261,123.14300087587169,True,demand
facility_723,186:309,35.7820533327102,True,demand
facility_724,25:307,86.20272610405492,True,demand
facility_729,75:281,48.38522806492905,True,demand
facility_734,106:310,29.340665419408317,True,demand
facility_735,122:248,15.710399346140248,True,demand
facility_737,26:332,55.53418216740655,True,demand
facility_738,207:225,49.57831582735064,True,demand
facility_739,214:300,51.28000502530505,True,demand
facility_740,180:325,108.03713702347885,True,demand
facility_741,66:261,24.817009912297216,True,demand
facility_742,34:322,30.278554108510495,True,demand
facility_749,109:261,65.21999354562143,True,demand
facility_750,117:255,64.73544810081845,True,demand
facility_751,212:284,113.16599266858663,True,demand
facility_753,117:302,58.65453974844817,True,demand
facility_754,89:258,34.31498272457649,True,demand
facility_755,94:215,62.01375234979764,True,demand
facility_763,59:338,10.189723109428739,True,demand
facility_765,44:341,18.94063427995947,True,demand
facility_767,99:350,49.00932688897857,True,demand
facility_773,102:208,30.50405454869996,True,demand
facility_775,83:399,34.88490701464146,True,demand
facility_776,88:351,38.766616724245395,True,demand
facility_777,129:251,31.75795686434115,True,demand
facility_779,34:289,46.575223333683894,True,demand
facility_783,212:286,17.358068397273478,True,demand
facility_784,196:227,33.07693785603057,True,demand
facility_789,67:214,24.593472632157713,True,demand
facility_791,76:212,38.26371478117609,True,demand
facility_797,81:350,48.85246311841665,True,demand
facility_798,101:386,22.59484795284458,True,demand
facility_800,136:303,86.1494617201005,True,demand
facility_805,113:312,103.98074202521012,True,demand
facility_806,99:377,46.34776375106314,True,demand
facility_807,222:241,10.615151954242945,True,demand
facility_810,113:260,53.62053605500844,True,demand
facility_814,233:326,67.1320168669502,True,demand
facility_819,212:242,76.83763178882201,True,demand
facility_823,94:193,35.59228438335736,True,demand
facility_825,83:250,19.331038890273746,True,demand
facility_827,217:297,6.260227975888353,True,demand
facility_828,80:275,60.926650920161734,True,demand
facility_829,75:298,79.60825782923025,True,demand
facility_830,46:235,82.72660346069497,True,demand
facility_834,101:259,17.154143104655017,True,demand
facility_835,108:90,30.006715193797525,True,demand
facility_836,98:295,80.00632395619951,True,demand
facility_840,130:260,22.30753338440863,True,demand
facility_842,199:274,29.67079921624313,True,demand
facility_843,101:421,46.249179778858185,True,demand
facility_844,128:255,49.00493386165851,True,demand
facility_845,214:322,61.014239751872125,True,demand
facility_846,96:401,33.64530269181458,True,demand
facility_848,76:218,74.56542522309894,True,demand
facility_851,163:267,38.68783114740843,True,demand
facility_855,133:268,28.78651786324027,True,demand
facility_856,129:268,146.14618111155028,True,demand
facility_857,104:290,21.43289645745609,True,demand
facility_859,80:276,47.8430151561726,True,demand
facility_860,64:255,37.2851525626061,True,demand
facility_862,163:277,79.61266613182973,True,demand
facility_866,24:303,57.768477355502355,True,demand
facility_869,129:266,103.24273860504665,True,demand
facility_870,214:364,13.296716009694627,True,demand
facility_871,94:400,40.78485647595527,True,demand
facility_873,34:331,46.87725520863,True,demand
facility_875,179:265,87.41227763728037,True,demand
facility_877,195:365,46.939958025952265,True,demand
facility_878,166:282,78.30954701101527,True,demand
facility_879,57:359,44.41552258800354,True,demand
facility_880,134:266,52.035454391000215,True,demand
facility_881,77:201,61.562873277473024,True,demand
facility_882,93:429,110.44453950913476,True,demand
facility_884,91:292,182.5449873061884,True,demand
facility_888,98:196,240.85320222325032,True,demand
facility_889,65:348,146.81124568524055,True,demand
facility_894,65:348,134.49610775906964,True,demand
facility_895,94:290,181.32495759914912,True,demand
facility_899,31:361,77.80755451674442,True,demand
facility_901,66:239,45.137934368453216,True,demand
facility_902,186:259,106.46282076686056,True,demand
facility_903,237:365,52.928822965628605,True,demand
facility_908,212:290,49.341666645781764,True,demand
facility_910,95:401,55.95690560843042,True,demand
facility_911,77:399,45.656344217868075,True,demand
facility_912,,inf,False,demand
facility_914,135:271,109.0036950390423,True,demand
facility_923,64:258,64.12632413795433,True,demand
facility_924,118:291,84.51139905966234,True,demand
facility_927,107:397,33.837200303416566,True,demand
facility_931,222:370,116.99202546403635,True,demand
facility_933,63:243,41.074208298292014,True,demand
facility_941,201:224,30.768439361110456,True,demand
facility_943,99:41,52.623837959853375,True,demand
facility_944,151:277,14.550444092869906,True,demand
facility_945,169:288,136.92938082666188,True,demand
facility_947,189:258,78.19233622988253,True,demand
facility_950,82:220,29.973105986829392,True,demand
facility_951,91:292,200.1527305597164,True,demand
facility_952,110:279,68.50897818356478,True,demand
facility_953,133:266,12.463778750580135,True,demand
facility_954,133:266,7.714144700132268,True,demand
facility_956,115:282,111.98524883232056,True,demand
facility_957,103:260,31.145050636598814,True,demand
facility_958,117:245,84.51444343240307,True,demand
facility_959,64:249,20.97415023201614,True,demand
facility_963,28:351,80.08448883433265,True,demand
facility_966,85:324,107.43107427619505,True,demand
facility_967,116:291,59.23647635260348,True,demand
facility_969,101:295,97.5985656040653,True,demand
facility_970,91:285,55.05827427036909,True,demand
facility_972,93:335,35.95699878566337,True,demand
facility_974,53:325,30.074808990817637,True,demand
facility_976,97:401,68.36797258223555,True,demand
facility_977,95:413,35.803049676725635,True,demand
facility_978,103:395,72.76858505220109,True,demand
facility_979,65:316,106.71002216455774,True,demand
facility_980,40:360,46.76922792361356,True,demand
facility_982,19:342,38.39712867863672,True,demand
facility_983,225:273,67.40550781256088,True,demand
facility_984,11:363,29.719636781453417,True,demand
facility_987,58:296,15.188468470778975,True,demand
facility_988,243:324,99.51547135284892,True,demand
facility_990,49:317,49.186465747838405,True,demand
facility_992,163:290,152.76413406018116,True,demand
facility_995,210:291,31.016494921192756,True,demand
facility_997,127:252,43.4892971480139,True,demand
facility_998,53:222,45.65526933663303,True,demand
facility_1002,30:334,46.605189631634666,True,demand
facility_1006,199:309,118.31212168309726,True,demand
facility_1007,67:297,87.31623763236469,True,demand
facility_1008,93:402,22.68401080094518,True,demand
facility_1009,53:335,14.208544429374617,True,demand
facility_1010,81:289,156.47697567630678,True,demand
facility_1011,46:323,38.19262714643339,True,demand
facility_1012,60:263,106.0627531473948,True,demand
facility_1013,123:247,84.87469560822224,True,demand
facility_1014,74:287,195.03352869139573,True,demand
facility_1015,76:281,53.71177971688724,True,demand
facility_1017,200:346,55.446462201568394,True,demand
facility_1018,109:229,46.990820082303465,True,demand
facility_1019,64:259,84.66845574191466,True,demand
facility_1023,64:257,28.531541745900515,True,demand
facility_1024,80:277,71.33152857821749,True,demand
facility_1025,43:257,37.86598936779965,True,demand
facility_1027,67:219,48.58745098453373,True,demand
facility_1029,69:317,97.45659609776888,True,demand
facility_1031,64:251,69.1547314846964,True,demand
facility_1032,52:253,72.09351423925555,True,demand
facility_1033,46:302,18.225739759631004,True,demand
facility_1034,67:297,82.47356440447152,True,demand
facility_1036,49:260,259.5407210614488,True,demand
facility_1037,96:290,104.8703717873888,True,demand
facility_1038,31:325,34.02598461671001,True,demand
facility_1039,53:325,43.41206205631083,True,demand
facility_1041,212:291,26.646140562731258,True,demand
facility_1042,119:272,137.02809302652935,True,demand
facility_1043,93:335,39.073363273349585,True,demand
facility_1046,53:238,42.34700728199462,True,demand
facility_1047,22:310,168.2354504601759,True,demand
facility_1049,23:285,43.175284980680196,True,demand
facility_1050,76:292,125.75279973457097,True,demand
facility_1051,64:261,126.43135226041606,True,demand
facility_1052,62:243,14.11146076955836,True,demand
facility_1055,50:323,32.24718481720818,True,demand
facility_1057,80:277,54.88169496698719,True,demand
facility_1059,47:301,38.96904909044761,True,demand
facility_1060,75:294,42.07756894707409,True,demand
facility_1061,74:297,191.65178215906283,True,demand
facility_1062,57:303,76.22755025635718,True,demand
facility_1063,83:287,132.41037417210802,True,demand
facility_1064,32:345,137.4897719084308,True,demand
facility_1065,88:289,8.571814250195276,True,demand
facility_1067,57:259,110.81589572965589,True,demand
facility_1068,59:250,69.8691914151402,True,demand
facility_1069,31:291,47.480390038477594,True,demand
facility_1070,59:248,46.00269059180579,True,demand
facility_1071,26:283,43.89548458215313,True,demand
facility_1073,52:253,90.95017995985175,True,demand
facility_1076,71:320,101.99780076734918,True,demand
facility_1077,75:288,61.40566861571213,True,demand
facility_1078,74:297,22.372413857466647,True,demand
facility_1079,81:350,16.63101272668474,True,demand
facility_1080,73:337,46.724537632384234,True,demand
facility_1081,114:266,104.21371795292403,True,demand
facility_1082,129:266,59.48810784649423,True,demand
facility_1083,73:223,115.287286104616,True,demand
facility_1084,69:263,29.70937129366783,True,demand
facility_1085,91:292,81.55850856614197,True,demand
facility_1086,100:214,29.044101303040108,True,demand
facility_1087,82:351,19.246500480887338,True,demand
facility_1088,81:289,156.75595707470498,True,demand
facility_1090,57:243,77.33963345448045,True,demand
facility_1091,76:292,89.17527132932001,True,demand
facility_1092,91:292,123.24540484624747,True,demand
facility_1093,74:297,167.86340009098646,True,demand
facility_1098,53:325,34.667996645217535,True,demand
facility_1100,19:284,24.66678405415337,True,demand
facility_1102,33:293,20.739711974535464,True,demand
facility_1105,74:290,4.775217818844512,True,demand
facility_1108,63:336,58.90371000158963,True,demand
facility_1110,46:302,10.37760643897776,True,demand
facility_1111,46:302,9.217098725616532,True,demand
facility_1112,51:304,11.232181384232396,True,demand
facility_1113,104:215,31.316802279797198,True,demand
facility_1115,20:291,73.8604013412723,True,demand
facility_1118,58:258,113.43607866343642,True,demand
facility_1119,117:302,72.50285081352449,True,demand
facility_1120,60:337,49.052885582035316,True,demand
facility_1121,60:263,110.4353506324237,True,demand
facility_1122,64:276,37.08722515085337,True,demand
facility_1123,115:288,45.948729647408065,True,demand
facility_1125,46:302,9.0560447890236,True,demand
facility_1126,117:302,68.2795296469921,True,demand
facility_1127,107:261,49.06127252755496,True,demand
facility_1128,68:218,41.80547203711878,True,demand
facility_1129,64:265,76.72626720600492,True,demand
facility_1134,57:298,82.76480724742811,True,demand
facility_1135,75:291,15.896371506023264,True,demand
facility_1138,,inf,False,demand
facility_1139,109:289,48.626610339991466,True,demand
facility_1141,33:293,34.19937626208744,True,demand
facility_1142,88:289,184.9634859340777,True,demand
facility_1143,262:314,31.164152352540704,True,demand
facility_1144,63:242,35.067205143362074,True,demand
facility_1148,91:292,172.83446163000013,True,demand
facility_1149,68:332,48.87964560829163,True,demand
facility_1151,76:292,129.62487971014002,True,demand
facility_1154,95:325,33.74378679242223,True,demand
facility_1157,78:326,178.78306929621695,True,demand
facility_1158,97:400,6.162234687456714,True,demand
facility_1159,32:345,152.1658984933701,True,demand
facility_1161,33:293,21.800675668896226,True,demand
facility_1162,63:251,35.36882992196424,True,demand
facility_1163,65:348,167.34736902987743,True,demand
facility_1164,69:320,98.83663743208547,True,demand
facility_1165,34:287,52.560997509576055,True,demand
facility_1166,51:263,61.3180282197211,True,demand
facility_1168,95:324,49.87070680624789,True,demand
facility_1169,67:224,24.347454579069062,True,demand
facility_1170,80:276,60.9045739045853,True,demand
facility_1171,71:320,48.75558336760213,True,demand
facility_1177,76:293,82.66852653552215,True,demand
facility_1178,77:193,39.12587575658863,True,demand
facility_1180,62:243,9.543260649287447,True,demand
facility_1182,63:251,50.50601466092659,True,demand
facility_1183,69:317,103.65869984114076,True,demand
facility_1184,58:339,43.01891228283069,True,demand
facility_1185,82:295,38.317034706706934,True,demand
facility_1186,80:274,3.959758126025385,True,demand
facility_1188,70:315,144.31703196780532,True,demand
facility_1189,91:292,124.69193444442357,True,demand
facility_1192,82:218,35.1821790998681,True,demand
facility_1193,28:332,31.854908734423695,True,demand
facility_1194,101:295,110.71282903380485,True,demand
facility_1195,120:243,56.16850300422049,True,demand
facility_1197,232:332,60.885201172869145,True,demand
facility_1198,76:292,160.1188889681888,True,demand
facility_1200,38:327,42.58009260592607,True,demand
facility_1201,140:264,147.2932771201024,True,demand
facility_1202,53:336,51.84108531716499,True,demand
facility_1204,51:255,185.9235952579925,True,demand
facility_1207,117:293,113.95406676912715,True,demand
facility_1209,72:223,35.51927822061656,True,demand
facility_1210,51:255,95.97632703752473,True,demand
facility_1213,97:340,35.924121739220155,True,demand
facility_1218,31:361,93.86163030419343,True,demand
facility_1221,129:282,130.82556099240102,True,demand
facility_1224,77:294,87.81377305961007,True,demand
facility_1225,69:320,141.37225167436515,True,demand
facility_1226,96:402,62.098149022146224,True,demand
facility_1227,,inf,False,demand
facility_1228,134:269,41.179919237456666,True,demand
facility_1229,82:277,11.05198445808159,True,demand
facility_1232,83:289,98.93018112211402,True,demand
facility_1233,53:336,47.929917923696216,True,demand
facility_1234,32:290,35.26770227131349,True,demand
facility_1235,96:290,82.4517319388205,True,demand
facility_1236,58:338,18.626301706641282,True,demand
facility_1238,68:312,119.49036153336881,True,demand
facility_1240,69:320,87.04472875743033,True,demand
facility_1241,210:291,49.913628494480406,True,demand
facility_1244,191:363,42.09802349346648,True,demand
facility_1245,104:310,59.338215364684515,True,demand
facility_1246,232:332,60.68049267117457,True,demand
facility_1247,75:290,15.799820279041091,True,demand
facility_1248,76:292,85.09201056950657,True,demand
facility_1249,51:254,107.32958575469227,True,demand
facility_1251,149:262,68.4489430418588,True,demand
facility_1252,114:295,296.34667085533624,True,demand
facility_1253,66:215,24.385376023491933,True,demand
facility_1254,91:285,11.804399519106942,True,demand
facility_1255,112:211,103.66572589507226,True,demand
facility_1257,131:288,217.4890502271134,True,demand
facility_1259,131:288,26.788584370081903,True,demand
facility_1260,53:263,31.242272581870843,True,demand
facility_1261,80:278,71.14973337626417,True,demand
facility_1263,103:225,55.17590425110402,True,demand
facility_1265,62:300,47.17659311520529,True,demand
facility_1267,119:272,85.43561749866737,True,demand
facility_1268,33:293,53.22922044911518,True,demand
facility_1270,94:290,86.96539817373977,True,demand
facility_1274,62:301,43.73380782158761,True,demand
facility_1277,57:236,33.599125712995814,True,demand
facility_1279,34:322,40.12548806310615,True,demand
facility_1280,67:292,49.05888089055348,True,demand
facility_1283,129:266,69.17350727881484,True,demand
facility_1287,64:301,47.623377008836286,True,demand
facility_1291,116:288,30.55397399439935,True,demand
facility_1293,175:284,89.95515866468966,True,demand
facility_1294,33:293,52.77034561548311,True,demand
facility_1295,47:304,57.470168205533106,True,demand
facility_1298,64:261,124.40587993095303,True,demand
facility_1301,214:268,150.71758225233907,True,demand
facility_1303,81:289,151.3061363118294,True,demand
facility_1309,112:397,37.32988590183065,True,demand
facility_1310,79:332,72.15896838985743,True,demand
facility_1311,97:365,42.66520199633426,True,demand
facility_1312,80:330,99.64414730189291,True,demand
facility_1313,69:317,110.91464857448857,True,demand
facility_1317,96:290,57.9286492875193,True,demand
facility_1319,105:240,88.52450033739855,True,demand
facility_1320,116:289,97.8788408307091,True,demand
facility_1322,209:291,73.69008017918637,True,demand
facility_1327,195:318,38.099494630505305,True,demand
facility_1328,189:317,64.97682735698548,True,demand
facility_1330,45:318,37.48345188552289,True,demand
facility_1332,84:290,59.16957240147226,True,demand
facility_1334,86:290,75.68604515977441,True,demand
facility_1335,103:292,162.82817527909506,True,demand
facility_1336,131:260,13.785467509403047,True,demand
facility_1337,68:332,54.66906392023346,True,demand
facility_1343,232:332,43.98152902300443,True,demand
facility_1347,30:334,56.049949704521694,True,demand
facility_1348,23:304,38.575728447687816,True,demand
facility_1349,133:267,23.2810880649615,True,demand
facility_1350,67:298,43.21135380701571,True,demand
facility_1352,76:333,55.76781956322479,True,demand
facility_1353,25:303,56.430757835422185,True,demand
facility_1354,90:325,26.285978307748508,True,demand
facility_1356,112:259,28.39817783925319,True,demand
facility_1358,259:320,32.935580537463686,True,demand
facility_1360,31:297,136.11142056765732,True,demand
facility_1367,104:242,49.18713461311512,True,demand
facility_1370,68:303,38.1275345898445,True,demand
facility_1371,76:218,78.08777412968597,True,demand
facility_1372,34:290,27.197552943038406,True,demand
facility_1373,34:290,25.680437574210153,True,demand
facility_1374,23:337,15.32148381562017,True,demand
facility_1375,75:284,74.91259981365019,True,demand
facility_1376,30:334,56.72244959101988,True,demand
facility_1377,66:247,59.66215368246988,True,demand
facility_1378,75:294,58.99920408696312,True,demand
facility_1379,25:339,62.05070684849389,True,demand
facility_1380,71:320,108.8115733973427,True,demand
facility_1381,73:343,27.14725036329921,True,demand
facility_1382,113:312,191.07396916868325,True,demand
facility_1384,135:272,103.48963446962463,True,demand
facility_1386,71:320,48.43135407998349,True,demand
facility_1391,96:290,117.9251183681818,True,demand
facility_1392,31:297,185.05743558894096,True,demand
facility_1394,63:240,23.843670949857593,True,demand
facility_1398,67:291,38.275522750762214,True,demand
facility_1403,91:292,79.54285338110662,True,demand
facility_1405,83:399,56.22849238244978,True,demand
facility_1410,73:224,50.375133606464665,True,demand
facility_1411,190:253,103.84093872907883,True,demand
facility_1412,80:275,42.278306199083694,True,demand
facility_1414,234:366,54.24453422487785,True,demand
facility_1416,218:252,64.24523259923288,True,demand
facility_1417,64:247,45.096807232009155,True,demand
facility_1418,86:290,78.08265054395538,True,demand
facility_1424,135:271,97.27904177962378,True,demand
facility_1425,131:260,18.04397006980979,True,demand
facility_1426,31:344,36.61462504202683,True,demand
facility_1427,132:257,1.9758419261081681,True,demand
facility_1430,64:261,133.4903903125193,True,demand
facility_1431,29:329,13.92764911907586,True,demand
facility_1432,88:289,209.3239375720932,True,demand
facility_1433,68:242,58.84453162605184,True,demand
facility_1434,66:215,28.517996429976982,True,demand
facility_1435,62:312,158.56181324345084,True,demand
facility_1438,133:267,29.499204530375472,True,demand
facility_1439,133:267,27.78811999379033,True,demand
facility_1440,44:300,62.40295587937224,True,demand
facility_1442,233:326,105.14000445877546,True,demand
facility_1443,63:293,54.807536293938654,True,demand
facility_1444,91:292,151.98833668100121,True,demand
facility_1445,75:288,59.08712695771133,True,demand
facility_1447,33:293,63.61438996601509,True,demand
facility_1448,64:246,48.723725258565146,True,demand
facility_1449,93:399,71.14981250985463,True,demand
facility_1451,168:271,48.381761977637694,True,demand
facility_1456,68:332,41.075553761830605,True,demand
facility_1457,52:336,51.32418898975924,True,demand
facility_1458,212:291,16.093135527283245,True,demand
facility_1459,59:250,61.37330273092782,True,demand
facility_1460,80:260,60.27307211560195,True,demand
facility_1461,86:290,80.25200713328955,True,demand
facility_1463,104:310,64.44269363390902,True,demand
facility_1466,91:339,59.593647912763934,True,demand
facility_1467,145:258,45.77954503386763,True,demand
facility_1469,53:250,80.79046091492023,True,demand
facility_1471,46:295,64.0123151178684,True,demand
facility_1473,61:319,29.848219908362008,True,demand
facility_1474,39:328,23.11160164695292,True,demand
facility_1477,116:292,33.921046503867245,True,demand
facility_1479,88:289,4.817516213109987,True,demand
facility_1481,112:397,41.59401739148205,True,demand
facility_1483,67:292,156.3302089767063,True,demand
facility_1484,65:299,69.75174143969967,True,demand
facility_1487,199:201,37.98708324858464,True,demand
facility_1489,64:247,54.652085758283384,True,demand
facility_1490,50:262,67.34152299791856,True,demand
facility_1491,46:302,22.120290378296243,True,demand
facility_1493,44:335,47.19201387519936,True,demand
facility_1494,92:429,84.70192198799771,True,demand
facility_1496,58:338,44.72428934348782,True,demand
facility_1498,220:243,47.94582297985687,True,demand
facility_1500,80:275,24.12396913552418,True,demand
facility_1501,232:336,37.46437230792102,True,demand
facility_1503,25:347,48.94100994938315,True,demand
facility_1504,64:249,47.41460277070036,True,demand
facility_1506,53:249,129.8184120771948,True,demand
facility_1507,83:349,36.62411784054191,True,demand
facility_1508,62:212,33.8849546481348,True,demand
facility_1510,88:289,140.01308160337186,True,demand
facility_1516,70:348,138.19456557912514,True,demand
facility_1517,73:279,46.89788713702108,True,demand
facility_1518,212:291,17.12738398062709,True,demand
facility_1520,35:298,16.923451286704253,True,demand
facility_1522,59:299,43.49516523230344,True,demand
facility_1523,30:335,42.754563621120376,True,demand
facility_1524,80:275,19.342173582861356,True,demand
facility_1525,98:368,49.622220436193,True,demand
facility_1528,133:267,28.91856077969531,True,demand
facility_1530,67:338,34.484624684870354,True,demand
facility_1531,18:334,14.155614152221716,True,demand
facility_1532,77:246,20.799155750386365,True,demand
facility_1533,32:345,158.90604323886984,True,demand
facility_1534,53:334,56.881051474618616,True,demand
facility_1535,123:285,214.42426522494438,True,demand
facility_1536,133:266,6.01757048895605,True,demand
facility_1537,133:265,37.891430520875545,True,demand
facility_1538,134:270,79.24585080757848,True,demand
facility_1539,133:266,16.245509000838844,True,demand
facility_1540,133:266,8.103667306664642,True,demand
facility_1541,133:267,33.456805468421656,True,demand
facility_1542,133:267,26.09951277140211,True,demand
facility_1543,133:268,43.795966329392606,True,demand
facility_1548,56:242,61.99348761179014,True,demand
facility_1550,79:61,23.79000163430822,True,demand
facility_1551,96:414,34.77952640081039,True,demand
facility_1552,31:342,56.83187770601904,True,demand
facility_1553,34:290,54.78310633829105,True,demand
facility_1555,86:290,82.10590346376559,True,demand
facility_1558,210:291,15.935274839533415,True,demand
facility_1561,145:258,34.35911261388606,True,demand
facility_1562,80:66,12.96570795694239,True,demand
facility_1563,92:263,49.856484767201614,True,demand
facility_1564,104:242,99.94266440129641,True,demand
facility_1565,80:276,43.58555493561073,True,demand
facility_1567,39:290,20.881278293415992,True,demand
facility_1568,63:262,124.31802785127694,True,demand
facility_1570,96:417,52.15765241073626,True,demand
facility_1572,43:302,46.39092896052973,True,demand
facility_1573,18:332,56.0596003317917,True,demand
facility_1574,73:223,114.85020438604194,True,demand
facility_1577,218:259,49.04047270806348,True,demand
facility_1578,44:301,14.801915020818297,True,demand
facility_1580,63:251,33.95479149992715,True,demand
facility_1581,51:254,106.50503266903127,True,demand
facility_1584,16:290,84.41029494232846,True,demand
facility_1586,39:295,66.11283173497945,True,demand
facility_1587,241:316,51.37414975206185,True,demand
facility_1588,80:276,44.732399036613444,True,demand
facility_1590,71:320,116.67482018865317,True,demand
facility_1591,103:228,8.67443860509543,True,demand
facility_1595,53:238,36.83599591655134,True,demand
facility_1598,36:243,47.411546018160564,True,demand
facility_1600,104:216,47.62246728573381,True,demand
facility_1602,71:320,86.78497741711294,True,demand
facility_1603,104:216,49.142930899494125,True,demand
facility_1604,72:224,45.97589110780402,True,demand
facility_1605,79:279,54.81397498396914,True,demand
facility_1606,84:290,121.868635626776,True,demand
facility_1607,133:278,45.97958845105898,True,demand
facility_1608,70:348,151.10652839030718,True,demand
facility_1610,50:264,59.25230500346542,True,demand
facility_1611,21:293,52.43190359020724,True,demand
facility_1612,23:337,45.78175574296264,True,demand
facility_1613,76:292,95.37219373503189,True,demand
facility_1621,260:318,129.39744139181505,True,demand
facility_1622,156:292,141.65224198721208,True,demand
facility_1623,195:371,135.76759539449668,True,demand
facility_1624,53:336,91.93422100637441,True,demand
facility_1625,105:275,44.07480491763957,True,demand
facility_1628,67:337,100.02979078114161,True,demand
facility_1629,99:214,20.213847290875865,True,demand
facility_1630,82:398,55.41183419178662,True,demand
facility_1631,134:272,10.029566709764397,True,demand
facility_1634,49:323,18.685026436977473,True,demand
facility_1635,49:260,118.10827791010765,True,demand
facility_1637,64:255,41.35714596193162,True,demand
facility_1638,218:253,65.15369392256476,True,demand
facility_1639,208:360,39.56831407985973,True,demand
facility_1641,76:293,58.798011781398074,True,demand
facility_1642,74:281,10.769645228548432,True,demand
facility_1647,84:257,57.54320032332477,True,demand
facility_1649,70:245,45.84050063090875,True,demand
facility_1650,78:204,64.84149774427623,True,demand
facility_1651,109:300,147.44393787773512,True,demand
facility_1652,64:257,22.470445846138656,True,demand
facility_1654,49:264,47.33737439325029,True,demand
facility_1657,104:240,59.39365953169977,True,demand
facility_1659,34:333,42.94849413238643,True,demand
facility_1660,99:424,53.34970483013508,True,demand
facility_1661,202:347,16.400008421260015,True,demand
facility_1662,71:320,111.58183091078764,True,demand
facility_1663,53:333,76.6831246551167,True,demand
facility_1664,51:254,102.56880078606987,True,demand
facility_1665,86:288,51.5025697590477,True,demand
facility_1666,18:326,29.04293268805984,True,demand
facility_1667,25:336,79.51797452271325,True,demand
facility_1669,64:260,104.3590315360169,True,demand
facility_1672,63:264,88.93849460510448,True,demand
facility_1675,64:292,45.3431204173128,True,demand
facility_1676,79:279,48.5282360692458,True,demand
facility_1677,37:296,37.909359167256085,True,demand
facility_1678,108:292,41.878317648942975,True,demand
facility_1679,18:337,56.3365813256444,True,demand
facility_1680,63:264,94.54510728922824,True,demand
facility_1684,174:310,56.41566492828982,True,demand
facility_1686,20:326,17.567658412224446,True,demand
facility_1698,102:309,25.008143188726383,True,demand
facility_1701,81:221,29.401052800030353,True,demand
facility_1703,63:263,24.36458146300057,True,demand
facility_1704,63:263,37.14865869017055,True,demand
facility_1705,50:263,24.012031491933275,True,demand
facility_1706,35:291,20.648090369090333,True,demand
facility_1709,65:248,62.831149727040696,True,demand
facility_1710,90:325,37.7538891549268,True,demand
facility_1714,112:313,54.957472074171704,True,demand
facility_1715,147:266,38.744980196632476,True,demand
facility_1717,143:265,49.78855573810378,True,demand
facility_1718,105:275,38.99272586164985,True,demand
facility_1720,75:327,41.43357749918892,True,demand
facility_1721,52:336,136.19723865109395,True,demand
facility_1725,23:298,54.59969977796208,True,demand
facility_1727,65:243,18.689815283686897,True,demand
facility_1728,49:260,217.49984412094295,True,demand
facility_1731,215:265,82.14559617386529,True,demand
facility_1734,61:299,37.31092789951752,True,demand
facility_1736,114:391,181.5229091885091,True,demand
facility_1737,197:327,47.72512155213592,True,demand
facility_1740,57:243,80.03409144308802,True,demand
facility_1741,45:251,49.72694947194086,True,demand
facility_1742,51:255,128.9997886861191,True,demand
facility_1743,36:309,244.94545453323673,True,demand
facility_1744,117:293,111.34694834350674,True,demand
facility_1745,38:327,73.22610571012753,True,demand
facility_1746,102:224,28.62891574066049,True,demand
facility_1747,65:348,171.8239279934935,True,demand
facility_1748,103:227,24.093546034841587,True,demand
facility_1750,197:350,48.010420508494846,True,demand
facility_1751,88:289,18.523718618631044,True,demand
facility_1753,119:241,95.68716549366144,True,demand
facility_1754,53:336,80.68439040526142,True,demand
facility_1755,99:367,41.275817030416434,True,demand
facility_1756,94:400,37.87182324112056,True,demand
facility_1757,78:194,41.009071718799156,True,demand
facility_1758,47:303,54.108386602061444,True,demand
facility_1760,215:300,78.12269578425735,True,demand
facility_1761,50:264,22.206470623336504,True,demand
facility_1764,55:361,35.270634167761465,True,demand
facility_1765,78:246,44.758485810354856,True,demand
facility_1766,76:292,130.20934785302023,True,demand
facility_1768,49:250,33.8649212495849,True,demand
facility_1771,46:300,17.229677015168736,True,demand
facility_1772,67:183,49.38171616539713,True,demand
facility_1773,139:265,342.01294903065445,True,demand
facility_1774,46:305,21.728538760548965,True,demand
facility_1777,79:204,63.051799982743006,True,demand
facility_1779,91:292,111.76798286293356,True,demand
facility_1784,68:297,132.35232057759785,True,demand
facility_1786,64:276,61.52246620072226,True,demand
facility_1789,82:277,18.395435084742196,True,demand
facility_1790,63:240,44.17768518068588,True,demand
facility_1791,81:280,51.40122878789189,True,demand
facility_1792,32:345,91.5153734735587,True,demand
facility_1795,56:320,44.793446970111816,True,demand
facility_1796,46:302,29.463288294800684,True,demand
facility_1799,144:281,9.9834245709278,True,demand
facility_1800,143:281,27.75959115857484,True,demand
facility_1801,62:239,100.84002269412173,True,demand
facility_1803,112:211,98.57599031392002,True,demand
facility_1804,83:353,58.88785566078826,True,demand
facility_1806,64:251,61.56762971001356,True,demand
facility_1807,119:272,118.85735338243863,True,demand
facility_1809,65:243,26.344808870108427,True,demand
facility_1810,113:312,96.46148141942051,True,demand
facility_1811,73:342,47.00607135717711,True,demand
facility_1814,43:334,20.71052179658668,True,demand
facility_1816,102:320,278.4927410448088,True,demand
facility_1817,96:401,48.008966770564676,True,demand
facility_1818,46:302,18.545521192048614,True,demand
facility_1819,84:380,64.15902043765446,True,demand
facility_1820,109:389,79.49834590843767,True,demand
facility_1821,103:225,45.484652859255135,True,demand
facility_1823,81:220,31.807574375669663,True,demand
facility_1824,64:247,37.7737103838483,True,demand
facility_1826,117:302,70.06900025835381,True,demand
facility_1827,117:302,56.84446774300189,True,demand
facility_1828,117:302,23.80810611410893,True,demand
facility_1829,10:363,28.440558797603053,True,demand
facility_1830,23:298,32.913960791936596,True,demand
facility_1832,68:312,178.794307759764,True,demand
facility_1833,65:316,98.06361088445927,True,demand
facility_1835,41:300,69.75175166142067,True,demand
facility_1836,134:272,30.010475913358807,True,demand
facility_1837,66:298,26.704595789597462,True,demand
facility_1840,71:320,104.88274130658274,True,demand
facility_1842,105:335,200.9628618565583,True,demand
facility_1843,63:250,68.31389122775644,True,demand
facility_1844,134:271,82.29552306337165,True,demand
facility_1845,100:422,23.44852275044562,True,demand
facility_1846,95:400,64.38454762496842,True,demand
facility_1848,166:282,65.07065424480783,True,demand
facility_1850,85:290,60.33391763970381,True,demand
facility_1851,31:326,24.704865423843486,True,demand
facility_1852,98:454,122.198855404344,True,demand
facility_1856,110:292,87.35466382952052,True,demand
facility_1857,85:179,53.182086051813855,True,demand
facility_1859,113:262,74.99242351068631,True,demand
facility_1860,154:273,68.38017100207003,True,demand
facility_1861,76:287,152.70313127023127,True,demand
facility_1862,49:260,190.98420217814035,True,demand
facility_1863,218:259,50.03572270605138,True,demand
facility_1866,22:294,51.49620727007054,True,demand
facility_1870,78:326,149.97523918650975,True,demand
facility_1871,56:297,58.12610447256175,True,demand
facility_1873,129:282,76.62356479151326,True,demand
facility_1874,22:317,71.49596463041735,True,demand
facility_1875,118:306,55.81588436600566,True,demand
facility_1876,64:261,83.68158183657346,True,demand
facility_1877,71:194,105.85744652919186,True,demand
facility_1878,76:292,110.38380944393423,True,demand
facility_1881,182:317,46.46034574822469,True,demand
facility_1882,95:413,55.28323215402786,True,demand
facility_1883,12:354,74.07308062763559,True,demand
facility_1884,102:289,309.00631867099884,True,demand
facility_1885,32:335,48.4889929518995,True,demand
facility_1886,69:244,41.41391232493251,True,demand
facility_1887,98:366,50.70866015407039,True,demand
facility_1891,80:214,45.70206587649502,True,demand
facility_1892,86:325,79.02041004720164,True,demand
facility_1894,75:298,35.576528953490765,True,demand
facility_1895,91:292,192.18958318245228,True,demand
facility_1897,74:337,50.67698587730447,True,demand
facility_1899,50:250,36.8140442796794,True,demand
facility_1900,62:299,29.693982768164663,True,demand
facility_1901,78:246,30.840906810780226,True,demand
facility_1903,78:326,38.92213417915293,True,demand
facility_1904,31:322,51.22802489965149,True,demand
facility_1905,71:319,132.12580850276845,True,demand
facility_1907,95:328,50.34162481898673,True,demand
facility_1909,106:241,47.22767696305246,True,demand
facility_1911,117:302,65.47067269181152,True,demand
facility_1914,70:246,39.61477430517388,True,demand
facility_1915,53:250,88.38389749537848,True,demand
facility_1916,75:326,44.025772337463145,True,demand
facility_1917,85:194,17.292048693799927,True,demand
facility_1918,8:311,29.813805248030107,True,demand
facility_1919,34:289,47.2846087805172,True,demand
facility_1920,75:293,41.26473859479411,True,demand
facility_1922,69:226,32.827520823452936,True,demand
facility_1924,212:285,28.72687886263536,True,demand
facility_1925,39:295,115.16980792586395,True,demand
facility_1927,77:201,9.741531874756646,True,demand
facility_1928,52:294,131.9788492682164,True,demand
facility_1931,86:215,22.793339084260523,True,demand
facility_1935,22:294,59.156194048623384,True,demand
facility_1938,59:338,48.75601288708548,True,demand
facility_1939,39:297,56.866754505414605,True,demand
facility_1941,83:250,26.16285897402834,True,demand
facility_1942,69:320,105.34981403626733,True,demand
facility_1943,,inf,False,demand
facility_1944,69:317,111.35587799102802,True,demand
facility_1945,143:273,38.011801033911034,True,demand
facility_1946,75:298,73.52221074326876,True,demand
facility_1947,73:334,59.15453880905914,True,demand
facility_1948,57:243,71.34075066036488,True,demand
facility_1950,76:292,101.77289570101622,True,demand
facility_1951,59:248,40.80986507147754,True,demand
facility_1952,43:257,48.924544505901565,True,demand
facility_1953,54:321,29.29236484755431,True,demand
facility_1955,64:257,36.92883141011832,True,demand
facility_1956,95:202,103.28608810678604,True,demand
facility_1959,54:325,36.341589285101534,True,demand
facility_1961,63:264,50.20964430725813,True,demand
facility_1962,143:273,125.78515370667961,True,demand
facility_1963,70:318,61.79186500520195,True,demand
facility_1965,114:301,290.4994824597508,True,demand
facility_1966,78:326,81.74927792492345,True,demand
facility_1967,,inf,False,demand
facility_1968,67:291,35.09171815344108,True,demand
facility_1970,59:249,157.50616199261034,True,demand
facility_1972,41:332,45.50226317363906,True,demand
facility_1973,101:310,40.614787162817166,True,demand
facility_1974,78:326,156.66497799951154,True,demand
facility_1975,105:240,72.94458473339657,True,demand
facility_1980,33:300,48.012211722996085,True,demand
facility_1981,71:319,128.29234834982307,True,demand
facility_1982,100:310,35.066445957906254,True,demand
facility_1983,91:403,40.53987888503381,True,demand
facility_1986,98:349,40.43548640624797,True,demand
facility_1987,250:315,43.430676368037645,True,demand
facility_1988,117:302,98.28868438655249,True,demand
facility_1989,82:295,141.87551690409282,True,demand
facility_1990,79:163,39.12322442963516,True,demand
facility_1991,57:240,33.20947050822721,True,demand
facility_1992,39:296,74.95927505390424,True,demand
facility_1993,34:288,43.235787385799185,True,demand
facility_1994,30:328,46.853886373509056,True,demand
facility_2002,53:335,9.030888995301451,True,demand
facility_2004,81:289,90.09110742702627,True,demand
facility_2006,50:246,58.95613036007937,True,demand
facility_2007,65:248,39.65383991606407,True,demand
facility_2008,70:243,10.019056944152712,True,demand
facility_2009,53:248,83.62372204332954,True,demand
facility_2012,120:293,211.8918890916495,True,demand
facility_2016,134:270,61.917853065179024,True,demand
facility_2022,107:68,102.96384330604886,True,demand
facility_2028,91:292,120.66209819322849,True,demand
facility_2029,81:221,60.686947514470276,True,demand
facility_2030,66:337,28.41847638992006,True,demand
facility_2031,47:255,130.49004558746947,True,demand
facility_2035,63:262,57.716065228205466,True,demand
facility_2036,76:218,70.09134682124562,True,demand
facility_2039,100:214,27.000380207313682,True,demand
facility_2041,116:288,188.71791643736606,True,demand
facility_2042,65:316,99.53419807455886,True,demand
facility_2044,67:300,34.71748455444065,True,demand
facility_2045,52:294,127.20097913394348,True,demand
facility_2048,70:346,44.21864003107692,True,demand
facility_2049,109:314,25.162949420442352,True,demand
facility_2050,65:299,58.4917772422152,True,demand
facility_2051,63:293,108.32665407597695,True,demand
facility_2052,120:243,56.85951856610834,True,demand
facility_2055,49:250,21.01371803205279,True,demand
facility_2056,90:325,95.39728813673597,True,demand
facility_2057,112:240,40.72168241176938,True,demand
facility_2058,81:289,296.01912241394456,True,demand
facility_2060,50:267,127.74077407628259,True,demand
facility_2062,70:315,17.166650754843392,True,demand
facility_2064,89:222,13.285868896103215,True,demand
facility_2066,161:269,32.699089335871065,True,demand
facility_2068,60:242,48.41022523476283,True,demand
facility_2071,65:316,120.3053099148565,True,demand
facility_2072,65:316,121.13851118954443,True,demand
facility_2073,49:260,198.43690169661798,True,demand
facility_2076,33:293,33.63281375909687,True,demand
facility_2078,65:352,195.1740519905369,True,demand
facility_2082,47:304,27.365780596392096,True,demand
facility_2083,80:279,46.327151376580034,True,demand
facility_2084,129:282,150.67512021009784,True,demand
facility_2086,12:354,112.19143673610716,True,demand
facility_2088,70:318,57.67962411462024,True,demand
facility_2091,71:334,52.00469682538607,True,demand
facility_2093,25:336,42.83049356036052,True,demand
facility_2094,45:266,51.364243833910265,True,demand
facility_2096,67:297,122.79489505323559,True,demand
facility_2098,76:293,97.51022373889052,True,demand
facility_2100,37:277,48.57432294143712,True,demand
facility_2101,217:258,58.44060650329,True,demand
facility_2103,49:260,191.20309083294507,True,demand
facility_2105,67:183,47.88752735458263,True,demand
facility_2106,263:315,146.4026077910666,True,demand
facility_2107,59:362,49.319292173863566,True,demand
facility_2108,64:338,30.21100929533043,True,demand
facility_2110,77:246,59.73945901889767,True,demand
facility_2111,47:305,43.694001706158,True,demand
facility_2113,64:247,29.033060050580094,True,demand
facility_2114,98:284,127.42882888154384,True,demand
facility_2115,30:334,44.992565782053575,True,demand
facility_2116,82:277,43.41907297222556,True,demand
facility_2117,78:181,47.34992220207999,True,demand
facility_2118,132:257,48.003886133425105,True,demand
facility_2119,21:294,40.73853572325344,True,demand
facility_2121,112:261,50.28966035073366,True,demand
facility_2123,67:241,54.1507450755795,True,demand
facility_2125,113:258,80.87157393808239,True,demand
facility_2128,135:272,94.83996973809506,True,demand
facility_2129,59:250,68.70737002546223,True,demand
facility_2130,186:275,36.30402226745461,True,demand
facility_2131,78:326,160.30553763355945,True,demand
facility_2132,78:326,163.47532040798401,True,demand
facility_2134,100:39,31.060990174560175,True,demand
facility_2135,66:244,40.23382227918624,True,demand
facility_2136,79:274,34.53134672311974,True,demand
facility_2137,115:301,86.05824670760607,True,demand
facility_2139,104:240,88.79710684404756,True,demand
facility_2143,77:294,98.57391019234507,True,demand
facility_2146,65:243,44.96713527452105,True,demand
facility_2147,99:424,42.320715709809924,True,demand
facility_2149,222:241,32.29136992484793,True,demand
facility_2151,59:249,112.6350498154791,True,demand
facility_2154,53:324,52.27514043372744,True,demand
facility_2155,131:288,51.44527999958303,True,demand
facility_2156,59:248,36.79004576244766,True,demand
facility_2161,95:401,40.93775772014102,True,demand
facility_2162,139:265,146.00682726680438,True,demand
facility_2163,,inf,False,demand
facility_2165,98:400,45.49627363212569,True,demand
facility_2166,66:347,74.83752104941226,True,demand
facility_2167,59:293,55.797358020423125,True,demand
facility_2168,133:267,32.76406591213812,True,demand
facility_2169,52:253,45.244431156138305,True,demand
facility_2171,64:246,46.02705987105862,True,demand
facility_2172,64:338,27.17650279009738,True,demand
facility_2173,80:275,23.994375501814304,True,demand
facility_2174,115:295,67.43090070520012,True,demand
facility_2175,113:254,73.91335485354907,True,demand
facility_2177,112:212,138.5581081940025,True,demand
facility_2179,30:328,11.23742616656539,True,demand
facility_2180,115:264,109.01853358355581,True,demand
facility_2182,64:255,36.57197342312996,True,demand
facility_2186,65:291,23.161764161199372,True,demand
facility_2187,102:320,114.24469644791743,True,demand
facility_2188,18:325,26.991328228134684,True,demand
facility_2189,64:257,32.548669482917575,True,demand
facility_2190,53:249,77.67476934479811,True,demand
facility_2191,50:324,46.68991785666844,True,demand
facility_2192,21:382,88.0631293858984,True,demand
facility_2195,140:264,140.02478789020861,True,demand
facility_2196,59:250,55.15860105627544,True,demand
facility_2198,67:292,157.3463115693338,True,demand
facility_2203,109:234,5.462793058851115,True,demand
facility_2204,32:345,85.03249486720762,True,demand
facility_2205,76:293,79.4080311374768,True,demand
facility_2210,53:325,38.09558762485167,True,demand
facility_2211,113:312,247.63693860238934,True,demand
facility_2214,44:302,37.15715827184578,True,demand
facility_2217,75:286,86.57575858333098,True,demand
facility_2221,29:308,43.50412323225497,True,demand
facility_2222,65:202,31.984852157408433,True,demand
facility_2223,104:375,44.73535413972633,True,demand
facility_2224,116:288,87.74143612721144,True,demand
facility_2227,78:246,47.52612003140246,True,demand
facility_2228,108:396,38.59505472487462,True,demand
facility_2229,190:256,46.4022132307536,True,demand
facility_2230,78:246,44.611495389117096,True,demand
facility_2231,69:320,128.11931151419475,True,demand
facility_2233,112:209,103.96719290055988,True,demand
facility_2234,67:256,53.97545635215013,True,demand
facility_2235,135:272,106.85938667351469,True,demand
facility_2236,58:338,45.66028628033496,True,demand
facility_2237,98:399,45.01629062554629,True,demand
facility_2239,112:302,309.5562641168396,True,demand
facility_2240,95:290,78.50881195547117,True,demand
facility_2241,116:266,67.24781645389162,True,demand
facility_2242,114:391,178.84297836739535,True,demand
facility_2244,18:375,55.941023169003074,True,demand
facility_2245,70:318,17.537281831529235,True,demand
facility_2246,88:289,17.213260018345498,True,demand
facility_2249,47:317,39.26049681032601,True,demand
facility_2250,52:245,55.28341740039466,True,demand
facility_2252,177:321,214.22227762606664,True,demand
facility_2253,80:276,62.78729293358112,True,demand
facility_2254,80:276,67.20682753358393,True,demand
facility_2256,80:276,59.28362678611426,True,demand
facility_2258,59:248,148.27386293696148,True,demand
facility_2259,47:317,28.115362453880394,True,demand
facility_2260,51:255,115.69025238937938,True,demand
facility_2265,177:321,12.927601564028228,True,demand
facility_2266,18:338,18.64047520030829,True,demand
facility_2267,109:311,27.20452557755246,True,demand
facility_2268,77:246,49.16107537415406,True,demand
facility_2270,64:260,80.14453773699384,True,demand
facility_2271,40:328,49.03630248917701,True,demand
facility_2273,100:199,85.60090274188052,True,demand
facility_2275,51:255,155.4921006405409,True,demand
facility_2276,64:301,51.849996335588415,True,demand
facility_2277,112:396,47.02220335198206,True,demand
facility_2278,53:325,31.066066639871398,True,demand
facility_2279,108:261,20.607981101621892,True,demand
facility_2281,64:265,64.11188045447241,True,demand
facility_2286,96:290,48.65783543755764,True,demand
facility_2288,38:355,152.01668899646432,True,demand
facility_2289,28:352,143.38390790784945,True,demand
facility_2290,52:336,148.28529913246794,True,demand
facility_2291,72:327,76.57760373737979,True,demand
facility_2292,97:400,50.21202174653674,True,demand
facility_2294,127:252,32.73266308534482,True,demand
facility_2295,69:320,108.74759304707376,True,demand
facility_2296,105:316,69.16031828858483,True,demand
facility_2300,67:241,51.57197458483639,True,demand
facility_2301,115:295,71.85874140685999,True,demand
facility_2303,120:303,64.53715701795575,True,demand
facility_2305,89:282,16.853162987321976,True,demand
facility_2307,78:246,14.657241311729246,True,demand
facility_2309,62:247,57.671604953450434,True,demand
facility_2310,116:292,40.40144813491607,True,demand
facility_2313,64:258,54.074873333655226,True,demand
facility_2314,106:310,23.577974730236672,True,demand
facility_2315,115:295,133.4381647319936,True,demand
facility_2318,18:339,26.011286030115716,True,demand
facility_2319,81:289,183.81525721439306,True,demand
facility_2320,77:238,47.78440847604771,True,demand
facility_2322,51:255,102.02756586548291,True,demand
facility_2323,31:326,31.259585612765967,True,demand
facility_2324,83:336,78.93839519107301,True,demand
facility_2325,67:240,40.017949720059704,True,demand
facility_2327,70:321,145.19449195634772,True,demand
facility_2328,29:329,24.7607538790867,True,demand
facility_2330,70:321,146.97182765755363,True,demand
facility_2331,91:292,111.97120646350217,True,demand
facility_2332,148:258,39.72113598811981,True,demand
facility_2333,23:298,54.67667404148029,True,demand
facility_2337,115:301,84.37062032283718,True,demand
facility_2341,54:321,13.238778787665673,True,demand
facility_2342,51:255,163.55386235323132,True,demand
facility_2343,64:250,38.50788515383326,True,demand
facility_2344,78:246,21.77313831926239,True,demand
facility_2345,49:329,26.37918368134699,True,demand
facility_2346,54:325,44.18324372797123,True,demand
facility_2348,85:178,45.45741295751931,True,demand
facility_2349,73:296,40.15056514316348,True,demand
facility_2351,49:260,240.1291940922416,True,demand
facility_2352,93:396,71.00622001790289,True,demand
facility_2356,31:297,125.21634135333952,True,demand
facility_2357,115:301,83.8207743565616,True,demand
facility_2359,190:253,22.3608694834185,True,demand
facility_2361,76:292,115.250672903325,True,demand
facility_2362,52:249,32.03128313637745,True,demand
facility_2363,129:282,147.23107573696643,True,demand
facility_2364,66:298,30.814511756327313,True,demand
facility_2365,55:205,24.981890041598703,True,demand
facility_2367,164:270,35.87821328697464,True,demand
facility_2368,131:289,100.12943659997124,True,demand
facility_2369,149:291,59.58764734043513,True,demand
facility_2370,104:215,40.63738658180974,True,demand
facility_2371,92:264,46.50291633868397,True,demand
facility_2372,62:346,66.12399520391112,True,demand
facility_2374,140:274,66.25627841833222,True,demand
facility_2375,84:244,70.02940699988093,True,demand
facility_2376,65:287,58.77304381341314,True,demand
facility_2377,66:289,78.61576591735118,True,demand
facility_2378,59:249,111.5045452247094,True,demand
facility_2379,18:375,42.69310751591328,True,demand
facility_2380,150:297,33.81887808467427,True,demand
facility_2381,133:264,55.48214498810816,True,demand
facility_2382,38:359,43.722926989844154,True,demand
facility_2383,259:314,15.790959729138264,True,demand
facility_2384,45:255,15.242963818132132,True,demand
facility_2385,70:263,51.81347430718495,True,demand
facility_2386,49:265,39.14877076152904,True,demand
facility_2388,51:325,54.21264758965788,True,demand
facility_2389,74:291,48.87591569122211,True,demand
facility_2392,70:246,34.54741475305541,True,demand
facility_2400,174:289,42.977797003734814,True,demand
facility_2401,80:342,37.40401545694208,True,demand
facility_2402,123:267,198.67518608350485,True,demand
facility_2404,63:325,22.53552590227607,True,demand
facility_2405,252:316,59.69327008123204,True,demand
facility_2406,95:325,24.085900536198654,True,demand
facility_2407,105:88,45.34753528147027,True,demand
facility_2408,81:341,48.35647644637148,True,demand
facility_2409,90:371,50.28618162116136,True,demand
facility_2410,99:382,43.0438249486246,True,demand
facility_2412,108:289,92.31270200456,True,demand
facility_2413,80:231,35.45842589211522,True,demand
facility_2414,80:230,37.328164985353325,True,demand
facility_2415,9:346,43.84637583876931,True,demand
facility_2416,186:275,39.0280154852231,True,demand
facility_2417,153:279,86.31394221213363,True,demand
facility_2420,32:281,92.07632097671012,True,demand
facility_2422,75:290,47.70021700693927,True,demand
facility_2424,134:279,264.7786867019404,True,demand
facility_2425,133:278,64.56536441980272,True,demand
facility_2426,60:290,40.659010118609025,True,demand
facility_2427,179:265,182.5036421246664,True,demand
facility_2429,181:280,33.87215392568747,True,demand
facility_2430,206:276,48.06080118756047,True,demand
facility_2431,216:278,34.418919645518486,True,demand
facility_2432,119:268,31.25371598175783,True,demand
facility_2433,121:253,66.04578202742029,True,demand
facility_2438,67:337,18.929240857340723,True,demand
facility_2439,168:296,83.56970384982444,True,demand
facility_2440,190:245,122.54932138228227,True,demand
facility_2441,85:324,123.66962703215461,True,demand
facility_2442,67:304,41.38998620613632,True,demand
facility_2443,63:292,21.45458794965454,True,demand
facility_2446,127:292,127.50631222560199,True,demand
facility_2447,205:245,45.087046093178,True,demand
facility_2449,85:179,47.04552569791885,True,demand
facility_2451,227:332,47.47933920506697,True,demand
facility_2452,262:298,48.08754669728058,True,demand
facility_2453,131:289,208.85050510166724,True,demand
facility_2454,43:309,22.276091391265947,True,demand
facility_2455,13:368,50.33706630823836,True,demand
facility_2456,16:339,61.11352923592657,True,demand
facility_2459,95:401,43.6053150310561,True,demand
facility_2461,96:331,4.826751195984404,True,demand
facility_2466,127:292,232.20038662142963,True,demand
facility_2468,139:281,42.19917833049538,True,demand
facility_2469,,inf,False,demand
facility_2470,115:295,111.45016888899538,True,demand
facility_2472,98:295,89.31376925267101,True,demand
facility_2473,137:288,190.77529880259328,True,demand
facility_2474,135:265,50.970632540096304,True,demand
facility_2477,114:295,204.36754803461884,True,demand
facility_2478,147:258,83.3683420012259,True,demand
facility_2479,145:291,59.41752279482514,True,demand
facility_2480,152:287,98.42463308696702,True,demand
facility_2481,152:287,138.13981470076533,True,demand
facility_2482,143:284,25.44227604289989,True,demand
facility_2483,173:316,169.59427097132226,True,demand
facility_2486,191:301,40.53858704930085,True,demand
facility_2487,177:306,16.641708916731897,True,demand
facility_2490,195:312,33.27891183333124,True,demand
facility_2495,209:300,40.249556977902614,True,demand
facility_2497,205:200,27.27153454517924,True,demand
facility_2502,18:369,62.99888418473014,True,demand
facility_2504,263:306,86.29808247677308,True,demand
facility_2506,32:345,98.51459943279362,True,demand
facility_2507,31:361,23.05761123352667,True,demand
facility_2508,95:290,62.21037477862828,True,demand
facility_2511,199:274,28.010326285479284,True,demand
facility_2513,215:293,66.94836788411608,True,demand
facility_2514,197:334,18.962209067948688,True,demand
facility_2515,64:277,69.50023648155208,True,demand
facility_2516,199:356,62.48214529323147,True,demand
facility_2521,166:309,18.308382830530487,True,demand
facility_2523,74:290,16.681424148076392,True,demand
facility_2524,130:279,83.01911866847254,True,demand
facility_2528,188:291,3.868784343424672,True,demand
facility_2530,145:295,23.985953897207818,True,demand
facility_2535,115:256,52.791029131157856,True,demand
facility_2536,131:260,26.49082924127571,True,demand
facility_2537,177:303,44.21742889586817,True,demand
facility_2538,143:303,94.80620635022697,True,demand
facility_2542,20:340,3.8352707268594277,True,demand
facility_2544,178:285,15.704956171713034,True,demand
facility_2546,94:290,156.54236228778248,True,demand
facility_2548,156:265,93.90512039325881,True,demand
facility_2549,185:265,114.98128563557897,True,demand
facility_2551,182:273,46.36859789699078,True,demand
facility_2552,87:346,85.14602697894921,True,demand
facility_2553,102:320,200.73737170675463,True,demand
facility_2555,164:286,13.92184702333698,True,demand
facility_2556,49:260,116.69457366949196,True,demand
facility_2557,195:371,58.60496178540215,True,demand
facility_2558,36:277,15.75972727663829,True,demand
facility_2559,32:272,26.654960963241916,True,demand
facility_2560,30:275,33.59736012130434,True,demand
facility_2563,85:281,42.391103463934535,True,demand
facility_2564,67:224,48.531715060145686,True,demand
facility_2568,55:205,34.97508171600535,True,demand
facility_2570,80:276,21.734567806303545,True,demand
facility_2571,192:322,48.526276423203846,True,demand
facility_2573,65:266,58.61594116973752,True,demand
facility_2576,59:357,12.454521210081303,True,demand
facility_2577,40:261,39.22938015638022,True,demand
facility_2578,94:215,5.971596989930564,True,demand
facility_2579,117:302,68.24363184277956,True,demand
facility_2580,117:302,98.46242149493953,True,demand
facility_2581,82:274,62.81131018120406,True,demand
facility_2583,116:288,224.74291826540343,True,demand
facility_2588,43:331,47.76873998916688,True,demand
facility_2589,28:351,78.72426355758782,True,demand
facility_2590,17:315,47.57978248672721,True,demand
facility_2591,40:360,52.591217696752366,True,demand
facility_2593,39:368,54.97865554542389,True,demand
facility_2594,70:205,46.11501468679291,True,demand
facility_2595,70:204,25.633166611153506,True,demand
facility_2598,72:401,23.383871522972605,True,demand
facility_2599,156:292,76.9420539540039,True,demand
facility_2601,282:343,170.19557289660463,True,demand
facility_2603,76:292,128.2694880004436,True,demand
facility_2605,66:248,58.55997037547362,True,demand
facility_2608,189:157,37.21478700320484,True,demand
facility_2609,100:454,15.545436581227978,True,demand
facility_2611,137:280,73.17545656237616,True,demand
facility_2612,208:319,44.82046895469258,True,demand
facility_2613,89:282,29.884874862461828,True,demand
facility_2614,177:305,38.29735653447299,True,demand
facility_2615,79:163,35.87111023370814,True,demand
facility_2618,60:300,50.81669179669027,True,demand
facility_2619,231:314,33.26614020589383,True,demand
facility_2620,104:269,35.28114811098239,True,demand
facility_2621,202:363,18.2525779437686,True,demand
facility_2622,78:326,35.23383326441661,True,demand
facility_2623,143:296,130.25926558652458,True,demand
facility_2625,71:320,57.73963399847459,True,demand
facility_2627,139:265,134.2567327128492,True,demand
facility_2628,112:211,139.1467441962957,True,demand
facility_2629,174:274,143.23497915737389,True,demand
facility_2631,216:211,14.597568926408321,True,demand
facility_2632,80:303,38.020704584165934,True,demand
facility_2633,94:277,81.20688019502204,True,demand
facility_2635,59:249,106.29126890432215,True,demand
facility_2636,119:269,83.69776965110134,True,demand
facility_2639,113:81,89.63697814583846,True,demand
facility_2640,140:264,113.88203289207955,True,demand
facility_2645,52:336,79.75480038576332,True,demand
facility_2646,129:282,164.0302900261975,True,demand
facility_2648,170:382,54.30587977576364,True,demand
facility_2653,123:285,119.99662594825183,True,demand
facility_2657,108:289,55.449537890936334,True,demand
facility_2658,91:50,54.820682933430824,True,demand
facility_2659,88:289,7.182465930689016,True,demand
facility_2664,71:320,141.18377949848542,True,demand
facility_2666,64:257,26.278742120299547,True,demand
facility_2668,46:300,17.226778838311553,True,demand
facility_2670,81:275,40.01046387159256,True,demand
facility_2671,40:312,42.38155354544581,True,demand
facility_2673,271:320,5.582433333139476,True,demand
facility_2674,107:292,51.89682348721044,True,demand
facility_2675,119:291,395.7915990874395,True,demand
facility_2677,102:320,44.91840491671812,True,demand
facility_2678,132:262,43.6760842359877,True,demand
facility_2681,80:276,44.66692574567756,True,demand
facility_2682,80:276,44.66692574567756,True,demand
facility_2683,80:276,44.66692574567756,True,demand
facility_2691,63:293,109.1344632956962,True,demand
facility_2694,148:259,113.4693316979709,True,demand
